Adding annotator tokenize
TokenizerAnnotator: No tokenizer type provided. Defaulting to PTBTokenizer.
Adding annotator ssplit
edu.stanford.nlp.pipeline.AnnotatorImplementations:
Adding annotator pos
Reading POS tagger model from edu/stanford/nlp/models/pos-tagger/english-left3words/english-left3words-distsim.tagger ... done [2.0 sec].
Adding annotator lemma
Uncompressed Index Size:7700096bytes
745472
Adding annotator tokenize
Adding annotator ssplit
Adding annotator pos
Adding annotator lemma
Time Taken to build Index: 19569 milliSeconds
Number of inverted list in Index: 7247
---
---
Uncompressed Index Size:7382224bytes
720896
Time Taken to build Index: 19569 milliSeconds
Number of inverted list in Index: 6378
---
---
Compressed Index Size:68753 bytes
Time Taken to build Index: 220 milliSeconds
Number of inverted list in Index: 7247
---
---
Compressed Index Size:49868 bytes
Time Taken to build Index: 245 milliSeconds
Number of inverted list in Index: 6378
---
---
--section-break--
Lemma Stats
Term---TF---DF---Size of Inverted List
boundary---1185---467---30080 bytes
prandtl---80---63---4208 bytes
nasa---148---145---9408 bytes
reynold---384---200---12976 bytes
shock---737---239---15440 bytes
pressure---1354---541---34816 bytes
flow---2079---730---46848 bytes

Stats for term : nasa
Total Term Frequency : 148
Document Frequency   : 145
First Three Entries in Posting List
Document ID---TF---Max-TF---Doc-Length
53---1---11---206
58---1---6---171
68---1---4---114

The maximum Document Frequency is: 1256
The terms with the maximum Document Frequency is: [to]
The minimum Document Frequency is: 1
The terms with the minimum Document Frequency: [aaaero, aaaeroconf, aasu, abbott, abbreviated, ablatedlength, ablative, abovementioned, absent, abundantly, accelerometer, accentuate, acceptability, acceptably, acceptance, accessible, accidental, accountable, accounting, accrue, accumulate, acetate, achievable, acoust, acoustically, acquisition, acr, acrodynamic, acrothermochemistry, acrothermoelasticity, actural, ad, adamsgj, adamsmc, adamsontc, adaptable, additive, adesc, adjacentequilibrium, adjoining, adjoint, admixture, adsorption, advent, aeolotropic, aerelastic, aerfoil, aerial, aeroballistic, aerocosmonautic, aerodynamicheate, aerodynamieist, aeroelastician, aeroengrev, aeronautique, aerore, aerothermal, aerothermochemical, aerothermodynamic, aerothermoelastic, af, affinely, affinity, affirmative, afftc, afrae, afresh, afterburner, afterflow, age, agency, agrawal, ailcron, airborne, aircrafttype, airforce, airit, airliner, airload, airscrew, akin, alan, algrantij, align, alksne, allcock, allmovable, allround, allude, almen, almenjo, almroth, almrothbo, alternately, alternatively, altogether, ambrit, ambritire, amer, amick, amickjl, amiee, amo, amongst, ample, amplifier, amply, analogously, analoguous, analyser, analyticially, analyzable, analyzer, anastasiorf, andabrespectively, andersonk, andersonrg, andhow, andland, andrew, andrewsdr, angele, anh, anhedral, anideal, anisotropy, ann, annex, anniv, announce, annual, annul, anove, anthony, anti, antielastic, antisymmetric, antisymmetrical, anyway, aob, apogee, apparentmass, appmech, appraisal, appraise, appraisement, appraoch, appscre, apropriate, aquart, ar, ara, arbor, arch, ardc, aren, arithmetic, arithmetical, armenakasa, armstrong, arrest, arrow, arsj, arsjnl, ary, asce, ascribe, ashleyh, ashwelldg, aside, asimplify, ask, aspectratio, assembly, assert, assistance, association, assortment, assure, astro, astronautics, astrophy, astrophysics, atabeckbh, atlarge, atosphere, attaindd, attainment, atten, attract, audio, aural, auspices, authority, availability, avaluate, avove, avro, ax, axialthrust, axx, ayrer, backing, backup, backward, bakanov, bakereg, bakerje, balanced, balsa, ban, bang, barber, bare, barmbyjg, baronjr, barrel, barryfw, bartleer, basetype, batdorf, baughmanle, baume, baumgm, bc, beanebj, bearing, beasleyja, beat, becausewith, beckett, bed, beg, behaviorccontrol, being, belief, belleville, bellmanr, belltype, belt, bendict, bendingtorsion, benjaminrj, bennettfd, bennettfv, benser, bent, bentoner, beograd, ber, bergdolt, bergdoltve, berger, bergle, bergmannhw, berlotrr, bernard, berndt, bernerf, bernoullus, berry, berrycj, berryjg, berthelot, beskin, bestd, beta, bethpage, bevel, beyween, bh, bifurcate, bifurcation, bijlaardpp, billow, bimetallic, bimolecular, birchallpc, birdga, birdjd, birnbaum, bisector, bisplinghoffrl, blackiej, blackstockta, blandsr, bleich, blended, blessing, bloom, blowout, bloxsonde, blue, bluish, blunttrail, bo, board, boat, bobbittpj, bodner, bodnersr, bodt, bogdonoffsm, bohonhk, boiloff, boisonjc, bolshakov, bolzre, bomb, bondac, bonus, boost, borcheref, bornel, bounary, boundwell, boxallg, boydja, boyerd, bracalente, bracket, branchline, brandmaierhe, bratt, braunschweig, brebner, breguet, brenckmanm, brevoortm, brightness, bristol, britjappphy, brittonjw, broadbenteg, broadwellje, brommaf, brother, browerwb, brownc, brownce, browneka, brownga, brownwd, bruchdo, brush, bryceww, bryerdw, brysona, bsc, btulb, budiansky, builtup, bulent, bulge, bulkhead, bullennus, bullet, bump, buoyancy, burgrafor, burke, burtonra, bury, butler, buzz, bypass, cabin, calcualt, calcualtion, caliber, callaghanee, callahancj, camacm, camb, camera, campbell, campbellwf, camphil, canard, cancellation, cant, capillary, caplan, caplanc, capsule, caravelle, carbide, carborundum, carderock, cardmf, cardullo, caret, carrier, carrosrj, carter, carterwj, casaccio, cast, castigliano, castilege, castolite, catalytic, catalytically, cater, catheralld, cathode, caution, cavitate, cellulose, centaur, centerbut, centerof, centigrade, centreline, centripetal, centroid, certainty, ceuler, cg, chain, chalre, changcr, channkk, chap, chapki, chapkisrl, characteristy, charczenko, charter, chartsfig, chase, chaudhurypr, chemisorption, chencf, chengkh, chengsin, chernyigg, chernyus, chesky, chester, chien, child, chilverah, chinitzw, chinnecka, choleskus, chouyt, chow, chrichlowwj, christiaensj, christian, chuck, chuwen, chuwh, circuit, circuitry, circumlunar, city, cl, clamshell, clark, clarke, clarkme, clarkson, classic, classically, classificaiton, classify, clause, clauserfh, clay, claywg, clean, clearance, climinate, clinton, clippingerrf, closeness, closest, closure, clouston, clutter, coalescence, coarse, coast, coating, coecf, coefstant, cohend, cohennb, coherent, colder, colejd, colemanw, colesd, coleswd, collaboration, collaborator, collectively, collocation, colour, colston, columnmaterial, combustionheate, combution, command, commence, commercially, communication, comp, companion, compatible, compete, competition, complimentary, compound, compressibleflow, compressional, compressorsdash, comput, conceivable, conceivably, concise, concisely, concoct, concrete, concurrently, condamp, condensed, conductioncontroll, conductionexpansion, conductor, conf, confidence, conformally, conformaltransformation, conformity, congr, conicaldash, conically, conidtion, connexion, connorrw, conpressibility, conservativeness, consierable, consolidate, const, constancy, constantdensity, constantinescuvn, constantino, constantly, constantsthey, constitution, consult, consultant, consumption, contemplate, contents, context, continually, contirj, contract, contracting, contradiction, controller, convair, conveniently, convergentdivergent, converse, conviction, convolution, conwayd, cooke, cookejc, cookge, cookit, cooksey, cooler, cooperre, coordinator, cope, copper, corollary, corpuscular, corrective, correctness, correlogram, cortrightem, cosine, cosmonautic, coulomb, coundary, count, counteract, counterclockwise, coupon, cowling, crabtree, craft, crandal, crandall, cranej, crank, crankj, creagermo, crease, creepbuckle, crest, crew, crewepr, crinoline, criticism, criticize, croccol, crooked, crosscorrelation, crushed, csanady, cubbison, culebra, culickfe, culickfec, cumbersome, cummingrw, cunninghambe, cup, cure, curl, curranjk, curriemm, curtain, curti, cuss, cutoff, cw, cx, cyclessec, cylinderhemisphere, cylinderical, da, daiberjw, daley, dalton, damaging, dampometer, dana, dand, danger, dangerous, dashin, dashn, dashthat, dashthe, daughaday, daviesde, davisah, daytime, dcae, debatable, dec, decade, decidedly, decision, decisively, declassify, decline, decompose, decomposition, deducted, dee, deeper, deepest, deepra, defference, definable, deflagration, deformable, defy, degrade, degreec, degreer, deichme, deionization, deisgn, delft, delimit, delineate, demarcation, demarcus, dence, denisdh, denmark, denomination, denser, dent, dependency, depict, depletion, depression, deputy, derivable, deryagin, des, describable, descriptively, designate, desk, detectable, determinable, determinant, determinantal, determinate, detude, deutsche, dev, devel, developable, devrease, dewey, deweyc, dewpoint, diaconi, diagonal, diam, diazgb, dicamillojr, dickinsoner, dicsover, dictate, diego, dielectric, differentiation, diffuse, diffusely, diffusive, digit, dilation, dilleh, dilute, dimmock, dipole, dirac, directive, dirichlet, discern, discernible, discoverer, discretefrequency, disequilibrium, dislocation, dismiss, disparity, disperse, dispersion, disposable, dissertation, dissimilar, dissociatingga, dissociationrecombination, distant, disturb, div, diverse, diversified, dj, dl, doctor, dodecagonal, doggettrv, dome, don, donnellh, donoughep, donoughepl, doppler, dorefj, dorodnitsyn, dorodnitzinhowarth, dorodnitzyn, dorrancewh, dosanjhd, doubly, doubtful, dougla, dover, doylemdc, dragutin, dramatic, dransfielddc, drape, draperjw, drastic, driest, drift, drill, drilling, drischlerja, dropoff, drosophilum, drougge, drum, dubose, duce, ducting, dudx, dufour, dugandw, dugundij, dugundjij, duncan, dunlap, dunlapr, dunsbyja, dunwoodynt, duplicate, duplicated, duralumin, dusinberregm, dust, dvl, dy, dyerus, eab, earl, easier, easiest, east, eastra, ebb, ec, echo, eckerte, economical, economics, economo, economy, ed, eddyviscosity, edelfelt, edelfletih, edgedisplacement, edgesto, edition, edpm, educational, effectmay, effectoriginate, efficacious, efflux, effusion, egat, eggingtonwj, egm, eh, eigenvector, einbinder, ejector, ek, elec, electro, electrode, electroformed, electrohydrodynamic, electrostatically, elegant, elemental, elevation, elevator, elimination, elliott, elliottd, ellipselike, elliptically, elongate, em, embryonic, emerge, emerya, emeryjc, emmonsh, emphasise, empiricalintermediate, ence, encircle, endeavour, endorse, endplate, endurance, engesser, eniac, enjoy, enlighten, enormously, enquiry, enskog, ensue, enthalpic, enthalpyus, entirety, entitle, entrain, entrant, envisage, epoxy, equatorial, equicohesive, equilateral, equilibrate, equivalently, er, erature, erdmann, erfc, erickson, erosive, erratic, errorssdof, eschenroederaw, etal, eter, etr, eucken, eulerian, ev, eventual, everett, evvard, ew, exaggeration, examinable, excessively, exchanger, excuse, exhaustive, exotic, exp, expectation, expend, experimenter, exploration, explosive, exponentiallyficient, expound, extendible, extensible, extinction, extra, extremal, eye, facet, fage, fagetma, falangan, fale, falknervm, fano, farmingdale, fasten, fat, faulderscr, fayja, fb, fd, fettermande, fewer, fibrous, fictitious, fictitiously, fieldfa, financial, fine, finely, finest, finish, finitedifference, fire, firm, firmer, firstorder, fisherlr, fission, fixedpitch, fk, fl, flagg, flanged, flash, flatness, flatplate, flaxah, flex, fllayer, flocculent, florida, flowin, fluiddynamic, fluidize, fn, foelschk, fog, fohrmanmj, folsonrg, forbe, forcible, forecast, forecasting, forefront, foreknowledge, formulism, forraym, forst, fort, forty, forwardacceleration, forwardflight, foughnerjt, foundation, fourcomponent, fourthorder, fourwave, foxh, fpre, fraenkel, fraenkelle, fraiserhr, fralich, fralichrw, france, franci, frankel, frankwl, fredholm, freedmansus, freemannc, freudenthalam, frictionless, friedman, friedrichhr, frontal, frozenflow, fruit, frustration, fu, fujihiko, fullerfb, fumerical, fund, fur, furnace, fuse, fuselagesection, fx, fz, ga, gallagherjj, galletly, galletlydd, galletlygd, garabedian, gardless, garner, garrickie, gascous, gasdynamical, gather, gaydon, geckeler, geec, gehr, genuine, geoffrey, geophy, geophysical, george, georgembt, georgium, gerard, germany, gerrard, gershunigz, gershunus, gerstenk, gg, gh, gibb, gibson, gibsonwe, giese, giesejh, gilbertac, gillss, ginzelus, giraudjp, gk, gkbatchelor, glance, glassy, glennye, glickh, globule, glycerin, gm, gn, goal, goddardfe, goebeltp, goetzrc, goldsteinaw, golian, gollnickaf, gooderumpn, goodier, goodman, goodmantr, goodwing, gorcum, gordon, gordonhd, goreew, gortler, gortlerh, gothic, gottenbergwg, gousesw, gp, gr, graduate, graham, grahama, grahamew, gramsc, grand, grantfc, granular, granvillera, graperg, grashof, grasshof, gravalo, gravalosfg, gravitzsus, gray, grazing, greenberghg, greenberghj, greenbergra, greenl, greensiteal, greggjl, gregoryb, gridwork, griffithwc, grifithge, grober, groove, grossjf, grossman, grunow, gt, guggenheim, guyld, gyration, gyroscope, gyroscopic, ha, haag, haberman, hadamard, haggenmachergw, haine, hainesab, hainsfd, halerw, haleysm, halfangle, halfman, halfmanrl, halfway, hallaa, hallh, hallmg, halstead, halve, hamapr, hamel, hamiltonja, hammerhead, hammerlingp, hammond, hamper, hanawalt, hancockg, handbook, handicap, handley, hangling, hankelmangh, hantzsche, hardware, harold, harri, harrisel, harrisus, hartnettjp, hartunianra, hash, hasimotoz, haskellrn, haslet, hassehr, hasten, hastingsrc, hauserch, haveg, havelock, havelockth, hay, haydaya, hayerwd, hayeswd, hayman, hazard, heading, heaslet, heaslett, heave, heavier, heighth, heightto, heimel, heimenz, heislermp, heldenfelsr, heledg, helgerl, helical, heliocentric, hemispheroidal, hemus, hencky, henderson, hendersona, hennessy, herberlejw, hero, herr, herringtr, herriotjg, herrmann, herrmanng, herrnsteinwh, herrrw, hessjl, hessnw, hessrw, hesste, heumanc, heywoodrb, hf, hick, hickmanr, hidalgo, highenergy, higherorder, highfrequency, highvelocity, hillfk, hillj, hilsenrath, himself, hinder, hingeaxi, hinsonwf, hirschfelder, hirshfelder, hise, hisev, hislopg, historic, historically, hitherto, hj, hja, hl, hm, ho, hodgepg, hodographic, hoffman, hoffmanf, hoffnh, hog, hoge, holerya, holland, holldl, hollowaygf, hollowcylinder, homann, home, homing, homogenous, hopelessly, hopf, hopkinshg, hopko, hopkohn, hopkorn, hopper, hosokawa, hosokawaus, hosowakaa, hotter, houboltjc, housefly, housing, howard, howell, howepwh, howeswl, howorth, hp, hpyersonic, hroma, hromasl, hu, huberpw, hubkare, huckellv, huffrd, huftonpa, huggettdj, hugh, hughe, humphrey, hundred, hunter, huntonlw, hunzikerrr, hurd, hurle, hustonrj, hybrid, hydraulic, hydraulically, hydroballistic, hydrocarbon, hyett, hyp, hypass, hyperliptic, hypersoule, hysol, hysteretic, idealize, identically, identifiable, identity, iee, iferation, igc, ignorable, igy, illingworth, illingworthcr, illinoi, illustrious, imaginary, imaus, immobile, immovable, impair, impart, imperial, implement, impression, imprimerie, improper, inaccessible, inadmissable, inadvertently, inafinite, inapplicable, inappropriate, inasmuch, inboard, incidental, inclusive, incoming, inconclusive, inconel, inconsistency, inconsistent, incrementalnormal, indefinitely, indetermine, indirectly, indium, inducedpressure, inductance, inefficient, inertial, inevitably, inexpensive, infiniteaspect, infite, influential, ing, inger, ingergr, inhomogeneous, injectioncool, injector, ink, inletmass, inoperative, inouyem, inplane, insect, insertion, inspire, instant, instigate, instruct, instruction, instrumented, integrable, integrand, integrity, integrodifferential, intensification, intensify, intention, intentionally, interanl, interchangeable, intercrystalline, interdependence, interferogram, intergranular, interim, internat, interpose, interpretive, interstellar, intimately, intractable, intrierus, intrinsically, introdure, intuition, invariably, invert, investigaion, inviscidflow, invoke, inwards, inyokern, iodine, iowa, ir, irbm, ire, iron, irritant, isaac, isaksong, isochronousstress, isofoam, isolation, isotope, itechnical, item, jackson, jacob, jacobian, jacobsonl, jacobsonmj, jaeger, jaegerjc, jaersc, jahsmanwe, jame, jamr, janzen, jaszlic, jay, jb, jbritinter, jc, jchemphy, jchemphysfeb, jeffery, jeffrey, jeg, jenson, jetboundary, jetexit, jetlike, jetstream, jf, jinstmetal, jmathmech, jmin, jmjn, jnr, jogaraov, johannesen, johansenfc, johnson, johnsonha, johnsonhc, johnsrh, johnston, johnstonih, jointly, jonesee, jonesiw, jonesjg, jonesjj, jonesr, jonesrpn, jouguet, joule, joycegm, jphyssocjapan, jplprog, jroyaesoc, judiciously, jugoslavium, jukoff, justifiable, jv, jzesc, kallmann, kalman, kanadd, kanwalr, karchmarl, kawagutus, kaye, keatingsj, keckjc, keenanjh, keener, keithal, keller, kellerjb, kelley, kellyhj, kempf, kempner, kendall, kendalljm, kendrick, kennya, kernal, kernelfunction, kerrebrockjp, kesterrh, keulegan, keune, kg, kidalgoh, kilakowskilj, kilometre, kinematically, kingdom, kink, kinked, kippenhancj, kirbyrh, kirk, kirkfn, kivelb, kj, kl, klebanoffp, kleemanpw, kleinb, kmno, knee, knoxec, ko, kochendorferfd, kogana, komodah, kopal, kopalfor, korkegirh, korst, kosson, kramerjl, kramerrf, kramp, krasilshchikova, kraus, krauss, krieger, krqus, krummwj, krypton, kt, kubotat, kuehn, kuetheam, kuo, kuoya, kuoyh, labour, lackmanl, lacquer, ladson, ladsoncl, laguerre, laidlawwr, lakshmikanthamc, lambertrf, laminarboundary, laminarturbulent, laminary, laminate, lance, landauc, landn, landrume, langer, langhaarhl, lanse, lansingdl, lansingw, lap, laplacian, lardnertj, largeangled, largeaspect, largechord, largescale, largethe, larson, larsonr, laszlo, laszloa, late, latent, lateraldirectional, latitudes, lauferj, laurencej, lavenderre, lawesja, layered, lea, leadonbh, leaf, lee, leedb, leggett, legitimate, lehnertr, leigh, leighdc, leighdcf, len, lenard, lenardm, lengthen, lennard, leonardm, letkow, letter, letude, lever, levinl, levinskye, levya, lewisja, lewisrg, lg, lh, liable, liapunov, libovec, libration, librove, license, liebersteinh, lieberstenhm, liepman, liepmanhp, liepmanhw, liepmann, liftingsurface, lighthillfor, lightly, liilum, linalj, linder, lindholmus, lindsey, lindseywf, lineal, linearisation, linearizedtheory, lingitudinal, linjection, linsh, liouville, lip, liquidinjection, listing, literal, livesleyrk, livingoodjnb, lk, lm, lmethod, localize, localsimilarity, lochtenbergbh, lockrc, locus, logically, loitsianskius, longest, longitudinalvortice, longtime, loo, look, loop, lopatoff, lord, lotz, loudspeaker, loui, loveem, lowaspect, lowgm, lowsubsonic, lowturbulence, lr, ltd, lubricant, lucid, ludweig, ludwieg, luftfahrt, luidensrw, lunar, lynnym, lyon, lyonswc, lyskov, mabeydg, macadam, maccolljw, macdonald, machellrm, machnumber, mackenzieda, macneal, maeder, maederpf, magasarianol, magnesium, magnetoacoustic, magnetofluidmechanic, magnetoga, magnetoplasma, mahony, maillardwc, maintainance, maintenance, majorminor, malfunction, malvestutof, manager, mang, manocuvre, manoeuvring, manometer, marblef, marblefe, marguerrek, marin, mario, maritime, mark, markh, marsdendj, martelluccium, martine, martinjj, maryland, maskell, maskellec, massachusett, massbalance, massbalanced, mastersjus, masus, matherdj, mattingfw, maurice, mautnersf, maximuin, maxwell, mayere, mayeswh, mayo, mccarthy, mccombhg, mcconnelldg, mccune, mccuneje, mcdearmon, mcgraw, mcgregorus, mcisaac, mckenzieab, mckinnon, mclachlan, mclafferty, mclean, mcmillanfa, mcnown, mead, meansquare, measurable, mechapp, mechinst, meh, mehtod, meissner, melamine, mellojf, melvin, memorial, merely, merger, merle, merriamkg, mescallj, mesh, messiteraf, meteorite, methanol, methodof, mev, mg, mhd, mich, michael, michielsenhf, micromanometer, micron, microwave, midchord, middlesex, midspan, midway, mieleaa, migrate, mikulasmm, mil, mild, millerrw, millikan, millimeter, millsap, millsapsk, miltonbergergh, mind, minerma, minhinnick, minimization, minneapoli, mirel, mirror, misalinement, mismatch, mistake, mitigate, mixedflow, miyaiy, mm, modeling, mol, molten, molybdenum, momentand, momentary, monaghan, monaghanrj, monograph, monopole, monoxide, moorekc, morganwc, morning, morrisdn, morrisj, mostly, motionless, mound, mountain, msc, msvo, mth, muffler, mulheim, mullensme, muller, mullhr, mullrh, multhopph, multiaxial, multibay, multicellular, multicomponent, multipropeller, mum, munk, murduchowm, murphy, murphyj, murray, murrowhn, mushtarikm, mw, myself, naaa, nacelleexit, nack, nada, nagakurat, naleidjf, nallkl, napolitano, napolitanol, nardosw, naruseh, nation, nationale, nautical, naysmitha, nearer, neater, negation, neicese, neighbour, nelsonrl, nelsonwh, nessn, neumann, neumannep, neumark, neutrally, newly, news, newsom, newtonjf, neymanrj, nh, nice, nicholsmr, nick, nicleywg, nicolson, nicolsonp, nielsen, nimonic, ninefold, nineteen, ninth, nitric, nitzburgge, nj, nocturnal, nogwon, nomenclature, nominally, nomograph, nonablating, nonaligned, nonaxisymmetrical, noncirculatory, noncommunicating, nonconcurrence, nonconduction, noncorrosive, nondecompose, nondimensionalized, nonexistence, nonflammable, nongyroscopic, nonheat, nonhomogeneous, noninclined, noninjection, noninsulated, nonisentropic, nonisothermal, nonnegative, nonorthogonal, nonpermeable, nonplanar, nonreact, nonreactive, nonrigorous, nonsingular, nonslationary, nonslender, nonsphere, nonspherical, nontoxic, nontrivial, nonunity, nonweiler, normalpressure, norman, north, northrj, noschmidt, notable, noteworthy, noticeably, notion, nozzleexit, np, nr, nullify, numberical, numger, nuttall, nyholmjr, ob, objectionable, obliquely, obliterate, obryantwt, obscure, observational, obtainec, obtainment, obviously, oc, occasionally, occupy, occurspast, oct, octagonal, octahedral, octave, odonnelrm, ofattack, offenhartze, offset, ofr, ogival, ogivecylinder, ohara, ohm, ohmanl, okunoaf, old, oliverh, oliverre, olssonco, olstad, om, omanra, onera, onetenth, onic, ont, onto, op, opaque, openend, operative, oppenheimak, opportunely, opportunity, opposition, optics, optimal, optimizationddesign, orderof, ordway, ordwayde, organization, orgin, orient, origint, orlfice, orlik, orr, orthogonality, orthogonally, osborn, osborne, oscillator, oscillograph, osoen, osullivanwj, oswatitschk, ottawa, ouel, ours, outermost, outwards, outweight, ovaluate, oven, overestimation, overexpansion, overhang, overlook, overly, override, overshadow, oversimplification, oversimplify, overstability, overstatement, oversw, owen, owere, oxide, pa, packard, packardbb, padlogj, pagerh, pagewa, painedsc, painleve, paint, palloneaj, palte, pankhurst, pappascc, papreg, para, parabola, parallell, parasol, pari, parietale, park, parke, parkspc, particledensity, particulars, partition, passenger, patterson, pattersongn, pau, pc, pdpdy, pearceyhh, pearsonh, pearsonjra, peckmandh, peclet, peculiar, peggrj, peng, penlandja, pennelegionl, penningtonrh, penzienj, people, percentthick, perfectga, perforation, periment, permeability, permissable, perplexing, persh, personal, pessimistic, petersohn, peterson, ph, philadelphium, phillipsj, philmag, philo, phosphorescent, photoelastic, phugoid, physcal, physico, physiological, picard, piercej, piercy, pimple, pin, pindroh, pitman, pj, placement, planck, planetocentric, plast, plastically, plateau, platinum, plausibly, plenum, plk, plohrhw, plunge, ply, pneumatic, pod, poetic, pohlhausenk, poincare, poind, pointednose, poiscuille, pole, polyaxial, polycrystalline, polygonal, polymer, polystyrene, pond, ponderomotive, pondhl, pooleja, popular, popularly, portious, portnoy, portnoyh, portnoyj, pose, postpone, potentialflow, potentially, potentiometer, potter, potterjl, potteroe, poudre, powelleo, powerplant, practicably, practitioner, prager, prebuckle, precession, precipitated, precipitously, precise, precisely, preclude, predictable, predictive, predigest, preheat, premise, premixed, prep, prepare, preponderance, preserved, pressureinteraction, pressureize, pressureratio, prevalence, previouslygiven, prewhirl, prian, price, pridera, priester, prikl, prime, prism, prismatic, proccamphil, processinclude, procinstmeche, producer, profileieit, profound, programming, proj, prolate, prominence, propellerresearch, proportionality, proportionate, proposal, proposel, proposition, propound, prospects, protein, proton, protrusion, protuberance, proudmanj, proudmanus, providence, provision, provisional, provoke, pseudo, psus, psychological, ptiius, pugh, pursue, puzzle, pv, pw, px, pyramidal, pyrex, qappmath, qjmech, quadratic, quadratically, quadruplet, qualitiative, quantum, quarterchord, quartic, queiijo, quest, questionable, quickact, quickly, quiet, quotation, rabotnov, radartrack, radialband, radian, radkowskus, radome, radon, rahman, rahmanma, rainbirdwj, raineyag, rake, raleigh, ralph, rameter, ramo, ramp, randalldg, randomly, randomness, randon, ranniewd, rapidity, rapidlyfreeze, rashi, ratiobeen, ratner, ratnerp, rattayya, rattayyajv, rc, reactor, ready, reaffirm, realga, realise, realistically, realization, reanalysis, reanalyze, rearrange, recessojv, recherch, reciprocally, reciprocity, recirculate, recognise, recover, recoverable, rectangle, rectilinear, recur, recurrence, recursion, redefinition, redesign, redirect, reducedfrequency, reducedmodulus, reederjp, reedwh, reenter, reentrytype, reexamine, referenceenthalpy, reflex, reformulate, refract, regan, reganjd, regirersa, register, reichardt, reidj, reidwp, reimpinge, reinforcement, reinvestigate, reiss, relativistic, relay, relevance, relieve, rely, remember, remmler, removable, removal, repair, repercussion, repetition, replacement, reply, representable, reproducible, requency, request, researcher, researchtype, researchvehicle, reservation, reshotko, resiliant, reslerej, resonable, resource, resultantforce, retrocket, retrorocket, retrovelocity, reuss, reversibility, reversible, revise, rhodesbv, rib, ribbon, riccatus, richmond, riddellfr, ridyardhw, riedinger, rigidly, riley, rileyjd, riolate, riva, rivet, rj, rlx, rmah, rmdavy, rmlea, rmlga, rn, road, roagvr, roar, robertsonjm, robertsrc, robinsonrg, rockdh, rocketon, rod, rodden, roddenwp, roe, rogersaw, rogersewe, roghness, romanof, romeo, romeodj, romj, rosecransr, rosenbrockhh, rosenzweigml, rossaj, rothsteinw, roughen, roundness, rouse, routhhurwitz, routinized, rozyckirc, rp, rpm, rstruct, rsult, rubesinm, rubin, ruckemank, rudimentary, rudinm, ruhr, runge, runyal, runyamhl, rus, russelldb, russian, russoal, rutkowskirw, rvon, rx, rynabm, saab, sachenkovav, safe, safely, saibeie, sail, sakao, sakurait, sakuraium, sakuraus, sakurium, salmirj, salmon, salterc, samson, samsonsh, samuel, sandpaper, sanger, sarasonl, sashkin, satelite, satellitessputnik, satoh, satyanarayanab, sauerr, saunder, savinrc, sb, scanlanrh, scanning, scarshaack, sce, schaafsa, schaffera, schematic, schermerhornvl, schetzja, scheuingra, schjeldruphc, schlesinger, schmidtr, schneiderp, schoenherr, schuh, schwarz, scruton, scrutonc, sealdm, seasonal, seattle, secant, sechleree, secure, security, sedimentation, sedneyr, sedov, seed, segmented, seiffa, selective, selfpreserve, sellsccl, semiballistic, semicircle, semicircular, semidiameter, sensible, separable, sept, sequel, serbin, serbinh, serenity, serpicojc, service, servo, sesire, session, seventhpower, severely, severly, sewall, sextic, sh, shadow, shallower, shandorm, shank, shapiroah, sharpedge, sharpnose, sheajj, shears, shearstress, sheath, sheer, sheerlanwj, sheerre, sheetre, sheltered, shen, sheng, shensf, shercliff, shercliffja, shermanf, shesterikov, shirtliffecj, shockboundary, shockdetachment, shockexpansion, shockinduced, shockless, shockstandoff, shortcome, shorter, shortest, shortlifetime, shortly, showhow, shuffle, shukhovitskiiem, shypersonic, si, sibulkin, sibulkinmj, sideforce, sight, sign, sigularity, silencing, silica, silver, simpsonrw, sinchtelcd, sinclaire, singleand, singlepass, singlestage, singletype, singly, sinnott, sinottc, sir, sizeable, skansw, skenewt, sketchy, skew, skewed, skewedparabolic, skill, skramstadhk, slatteryre, slew, slide, slider, slighlty, sloped, slosh, slower, slr, slug, slyer, smallless, smallness, smell, smithamo, smithanc, smithge, smithj, smithjhb, smithjw, smithmw, smoothness, snow, soak, sobsonic, socaesc, socalled, society, sol, solidconstruction, solide, solidification, solomon, solomonjm, som, sommerfeld, sommersc, sonderg, sophisticated, soret, sounding, soundsource, southwellrv, southwest, sp, spacewise, spahrjr, spaidfw, spalding, spaldingdb, spark, sparkschlieren, spauldinger, specialise, specialization, specifiic, spectacular, spectrograph, speedsthree, spencerb, sperada, sperical, spheric, sphericalatmosphere, spiegler, spillage, spillmanjj, spindle, spinner, spirit, spite, splitter, spontaneously, spot, spray, spreemannk, spurious, sqft, squirew, sr, stagger, stalder, stalkerrj, stalmach, standardize, stanford, staniforthr, stanitz, stanworthcg, starkwus, statical, statistically, statistics, steadystate, steamline, steepest, steepness, stefan, steiger, stepdown, stephen, stergi, sterrett, stimulus, stine, stineha, stipulate, stochastic, stockmanno, stoddardfj, stojanovic, stoker, stollery, stoneah, stonear, stonecypher, stonecypherte, stoney, stony, strange, stratagem, streak, strengthen, strike, stripanalysis, stroboscope, stroboscopic, stronger, strouhal, studieddash, studiesdash, sturm, subarc, subaudio, subjective, subroutine, subsidiary, subsonicsupersonic, subtend, suck, suddenfreezingof, suerh, suffix, sugar, suitability, summation, sunderland, sunnyvale, supercircular, superfast, superficial, superiority, superpose, superscript, supersede, supplies, supplort, supposition, sure, surely, surfacetemperature, surpass, surprising, swallow, swanson, sweetingne, swigartrj, swihartjm, switching, sychevvv, synge, synthesis, synthesize, systematize, systemsbestimation, syvertson, szewczyka, tacitly, tailless, tailwind, talbot, talbotl, tamadak, tan, tang, tanner, taoln, targoff, task, taxi, taylorcr, taylore, taylorrl, taylorta, tb, tc, tearejd, techmemo, technologically, technote, teddington, telemeter, telemetering, tell, teller, tellere, temp, templetonh, temprature, tendelandt, tennessee, termination, terminology, termperature, termwise, terrestrial, tetrachloride, tewfikok, thedensity, theequilibriumparameter, thein, theirworstvalue, themselves, thenewtoniantheory, theoretic, therefrom, thermalfatigue, thermoaeroelastic, thermoelasticity, thermomechanic, thermomechanical, thermopropulsive, thesecond, thesis, thesolar, theta, thicknesschord, thielemann, thing, think, thinwall, thirdly, thn, thomas, thomasag, thommenhu, thompsonj, thompsonmj, thorntonp, thorough, threaten, threedimensionality, threshold, throttle, thwaitesb, thysonna, tical, till, timeand, tingl, tinglu, tional, tirumalesad, titan, tne, tni, tnspace, toa, toambient, toba, tobia, tobody, today, tolerable, tollmienschlichting, tomomentum, tooth, torda, toriconica, toriconical, tostus, totalangle, touloukian, towall, townend, toxic, tracking, tractable, tractor, traditional, transamermathsoc, transcendant, transcendental, transducer, transfn, transit, translate, translatory, transpire, transportation, transversality, traugott, traugottsc, travels, traversal, trefftz, trefitz, trellam, treonsl, trf, tribute, trick, trigger, trigonometrical, trill, trillingc, trimpus, trochoidal, trr, trumanjc, truncation, try, tsion, tsu, tt, tubing, tubular, tubulence, turbance, turbo, turbojetpower, turbomachine, turnerjm, twoand, twomode, tx, typeare, typically, typographical, typography, uhf, ultracentrifuge, unablated, unaccompanied, unangst, unanticipated, unavoidable, unbalanced, unbanked, unblunted, uncertain, unconstrained, uncontrollable, uncorrected, undamped, underexpanded, underexpansion, underneath, underside, undersurface, undesirable, undetermined, undoubtedly, undrooped, unduly, unevenness, unexpected, unexpectedly, unexplained, unfamiliar, unfavourable, unfilled, unflanged, unfold, unhappy, unidirectional, unidirectionally, unification, unimportant, unintentionally, unitary, univeral, unmanned, unorthodox, unperturbed, unpowered, unpublished, unrealistic, unreality, unrelativistic, unresolved, unrestrained, unrestricted, unretarded, unseparated, unspecified, unsteadily, unsupported, unsymmetrical, untenable, untested, untrimmed, unus, upflow, upward, uramem, urgent, usa, usaa, usage, usefully, usefulness, user, ussr, utilzation, uu, ux, uxyi, uxysgn, vafakoswp, valuedness, valve, vandykemd, vanguard, vaporize, vapour, variability, variabletemperature, variant, variationsh, varley, vasilu, vasiluj, vasre, vd, veiocity, velocitycomponent, velocitydistribution, velocityprofile, vent, venturi, veocity, verfy, versatility, versuchsanstalt, vertexcenter, verticaltake, vertregtm, vg, viii, vinson, violate, violet, viscid, viscoelasticity, viscositytemperature, visibility, vision, visualize, vital, vl, vlasov, vm, volta, volterra, volumetric, volx, vondoenhoff, vonkarmant, vs, vtolstol, vy, vz, wah, waisted, wakelike, waldmangd, walkdenf, walkerhj, walkerre, wallacej, wallacer, walleskfa, walshe, waltonte, wancc, wangtk, wanlass, wanlassk, wardjf, warhead, warmer, warn, warner, warnerwh, warped, wash, washington, washingtonm, wassermanb, wassermann, watsonbc, watsonej, watsonj, wavefront, wavevelocity, waviness, wax, weaker, weakly, weave, wedgetype, weertmanj, wegsteinjh, wehrend, wehrendwr, weierstrass, weigh, weighted, weighting, weilha, weingarten, weinsteina, weissd, weissdc, weitbrecht, weitznerh, wellestablished, wellswr, wen, wendt, wenk, wg, wh, whalen, whalenrj, wheel, wherever, whichever, whirl, whisker, whitcombcf, whitegn, whitehead, whitfieldjd, whithamgb, wich, wickbh, widen, widespread, wightkc, wilby, wilbypg, will, willettje, williamsj, williamsjc, willmarthww, willus, wilsonre, wimbrowwr, windenburgdf, windstream, wingpropeller, wingtail, wingwith, winklerel, winny, winter, winterscw, wisblatth, wisniewskirj, wissler, withdrawal, wittcliffce, wittliff, wittliffce, wittrick, wj, wl, wm, woinowsky, wongt, wont, woodgate, woodley, woodleyjg, woodsna, wooldridge, woolley, woolstondc, workingsection, workmanjb, world, worsen, worst, worthwhile, worthy, wp, wraykl, writings, wuch, wxy, wyattpj, xenon, xiii, yakurajk, yangk, yangkt, yaojc, yarymovych, yasuharam, yate, yatesec, yatesje, yeh, yeild, yenshee, yeram, yilus, yolerya, yoshiharah, yoshikawakk, yoshirah, yosinobuh, youngad, yuan, yuseff, yy, zamm, zangew, zartariang, zbrozek, zehnder, zeisbergsl, zerolift, zeroth, zeydelefe, zhukhovitskius, zienkiewiczhk, ziering, zoom, zuk, zukw]

Document with largest max_tf : [673] which has most frequent term as flap which is repeated 27 times.
Document with largest doclen : [798] it has doclen 665 .
--section-break--
Stem stats Stats
Term---TF---DF---Size of Inverted List
boundari---1185---467---30080 bytes
prandtl---80---63---4208 bytes
nasa---148---145---9408 bytes
reynold---384---200---12976 bytes
shock---737---239---15440 bytes
pressur---1382---551---35440 bytes
flow---2079---730---46848 bytes

Stats for term : nasa
Total Term Frequency : 148
Document Frequency   : 145
First Three Entries in Posting List
Document ID---TF---Max-TF---Doc-Length
53---1---11---206
58---1---6---171
68---1---4---114

The maximum Document Frequency is: 1256
The terms with the maximum Document Frequency is: [to]
The minimum Document Frequency is: 1
The terms with the minimum Document Frequency: [aaaero, aaaeroconf, aasu, abbott, abbrevi, ablatedlength, abovement, absent, abundantli, acceleromet, accentu, access, accident, accru, acet, acquisit, acr, acrodynam, acrothermochemistri, acrothermoelast, actur, adamsgj, adamsmc, adamsontc, adesc, adjacentequilibrium, adjoin, adjoint, admixtur, adsorpt, advent, aeolotrop, aerelast, aerfoil, aerial, aeroballist, aerocosmonaut, aerodynamich, aerodynamieist, aeroelastician, aeroengrev, aeronautiqu, aeror, aerotherm, aerothermochem, aerothermodynam, aerothermoelast, af, affirm, afftc, afra, afresh, afterflow, agenc, agraw, ailcron, airborn, aircrafttyp, airforc, airit, airlin, airload, airscrew, akin, alan, algrantij, align, alksn, allcock, allmov, allround, allud, almen, almenjo, almroth, almrothbo, altogeth, ambrit, ambritir, amer, amick, amickjl, amie, amo, amongst, ampl, ampli, analytici, anastasiorf, andabrespect, andersonk, andersonrg, andhow, andland, andrew, andrewsdr, angel, anh, anhedr, anid, anisotropi, ann, annex, anniv, announc, annual, annul, anov, anthoni, anti, antielast, anywai, aob, apoge, apparentmass, appmech, appraoch, appscr, apropri, aquart, ara, arbor, arch, ardc, aren, ari, armenakasa, armstrong, arrest, arrow, arsj, arsjnl, asc, ascrib, ashleyh, ashwelldg, asid, asimplifi, ask, aspectratio, assert, assort, assur, astro, astrophi, astrophys, atabeckbh, atlarg, atospher, attaindd, atten, audio, aural, auspic, avalu, avov, avro, axialthrust, axx, ayrer, backup, backward, bakanov, bakereg, bakerj, balsa, ban, bang, barber, bare, barmbyjg, baronjr, barrel, barryfw, bartleer, basetyp, batdorf, baughmanl, baum, baumgm, bc, beanebj, beasleyja, beat, becausewith, beckett, bed, beg, behaviorccontrol, belief, bellevil, bellmanr, belltyp, belt, bendict, bendingtors, benjaminrj, bennettfd, bennettfv, benser, bent, benton, beograd, ber, bergdolt, bergdoltv, berger, bergl, bergmannhw, berlotrr, bernard, berndt, bernerf, bernoulli, berri, berrycj, berryjg, berthelot, beskin, bestd, beta, bethpag, bevel, beyween, bh, bijlaardpp, billow, bimetal, bimolecular, birchallpc, birdga, birdjd, birnbaum, bisector, bisplinghoffrl, blackiej, blackstockta, blandsr, bleich, blend, bless, bloom, blown, blowout, bloxsond, blue, bluish, blunttrail, bo, board, boat, bobbittpj, bodner, bodnersr, bodt, bogdonoffsm, bohonhk, boiloff, boisonjc, bolshakov, bolzr, bomb, bondac, bonu, boost, borcheref, bore, bornel, bounari, boundwel, boxallg, boydja, boyerd, bracalent, bracket, branchlin, brandmaierh, bratt, braunschweig, brebner, breguet, brenckmanm, brevoortm, bright, bristol, britjappphi, brittonjw, broadbenteg, broadwellj, broke, brommaf, brother, browerwb, browneka, brownga, brownwd, bruchdo, brush, bryceww, bryerdw, brysona, bsc, btulb, budianski, builtup, bulent, bulg, bulkhead, bullenni, bullet, bump, buoyanc, burgrafor, buri, burk, burtonra, butler, buzz, bypass, ca, cabin, calib, callaghane, callahancj, camacm, camb, camera, campbel, campbellwf, camphil, canard, cant, capillari, caplan, caplanc, capsul, caravel, carbid, carborundum, carderock, cardmf, cardullo, caret, carrier, carrosrj, carter, carterwj, casaccio, cast, castigliano, castileg, castolit, cater, catheralld, cathod, caution, cellulos, centaur, centerbut, centerof, centigrad, centrelin, centripet, centroid, certainti, ceuler, cg, chain, chalr, changcr, channkk, chap, chapki, chapkisrl, characteristi, charczenko, charter, chartsfig, chase, chaudhurypr, chemisorpt, chencf, chengkh, chengsin, chernyi, chernyigg, cheski, chester, chien, child, chilverah, chinitzw, chinnecka, choleski, chouyt, chow, chrichlowwj, christiaensj, christian, chuck, chuwen, chuwh, circuit, circuitri, circumlunar, citi, cl, clai, clamshel, clarkm, clarkson, classifi, classificaiton, claus, clauserfh, claywg, clean, clearanc, climin, clinton, clippingerrf, closest, closur, clouston, clutter, coalesc, coars, coast, coat, coecf, coefstant, cohend, cohennb, coher, colder, colejd, colemanw, colesd, coleswd, colloc, colour, colston, columnmateri, combustionh, combut, command, commenc, comp, companion, compet, competit, complimentari, compound, compressibleflow, compression, compressorsdash, concoct, concret, condamp, conductioncontrol, conductionexpans, conductor, conf, confid, conformaltransform, congr, conicaldash, conidt, connexion, connorrw, conpress, consier, consolid, const, constanc, constantdens, constantinescuvn, constantino, constantli, constantsthei, consumpt, contempl, context, contirj, contradict, convair, convergentdiverg, convict, convolut, conwayd, cookejc, cookg, cookit, cooksei, cooler, cooperr, cope, copper, corollari, corpuscular, correlogram, cortrightem, cosin, cosmonaut, coulomb, coundari, count, counteract, counterclockwis, coupon, crabtre, craft, cranej, crank, crankj, creagermo, creas, creepbuckl, crest, crew, crewepr, crinolin, croccol, crook, crosscorrel, crush, cs, csanadi, cubbison, culebra, culickf, culickfec, cumbersom, cummingrw, cunninghamb, cup, cure, curl, curranjk, curriemm, curtain, curti, cuss, cutoff, cw, cx, cyclessec, cylinder, cylinderhemispher, da, daiberjw, dalei, dalton, dampomet, dana, dand, dashin, dashn, dashth, dashthat, daughadai, daviesd, davisah, daytim, dcae, debat, dec, decad, decidedli, declassifi, declin, decompos, decomposit, dee, deeper, deepest, deepra, deffer, defi, deflagr, degrad, degreec, degreer, deichm, deioniz, deisgn, delft, delimit, delin, demarc, demarcu, denc, denisdh, denmark, denomin, denser, dent, depict, deplet, depress, deputi, deryagin, desk, determinant, detud, deutsch, dev, devel, devreas, dewei, deweyc, dewpoint, diaconi, diagon, diam, diazgb, dicamillojr, dickinson, dicsov, dictat, diego, dielectr, dilat, dilleh, dilut, dimmock, dipol, dirac, dirichlet, discover, discretefrequ, disequilibrium, disloc, dismiss, dispar, dispos, dissert, dissimilar, dissociatingga, dissociationrecombin, distant, div, divers, diversifi, dj, dl, doctor, dodecagon, doggettrv, dome, don, donnellh, donoughep, donoughepl, doppler, dorefj, dorodnitsyn, dorodnitzinhowarth, dorodnitzyn, dorrancewh, dosanjhd, doubli, dougla, dover, doylemdc, dragutin, dramat, dransfielddc, drape, draperjw, driest, drift, drischlerja, dropoff, drosophila, drougg, drum, dubos, duce, dudx, dufour, dugandw, dugundij, dugundjij, duncan, dunlap, dunlapr, dunsbyja, dunwoodynt, duralumin, dusinberregm, dust, dvl, dy, dyeri, eab, earl, easier, easiest, east, eastra, ebb, ec, echo, economi, economo, ed, eddyviscos, edelfelt, edelfletih, edgedisplac, edgesto, edit, edpm, educ, effectmai, effectorigin, efficaci, efflux, effus, egat, eggingtonwj, egm, eh, eigenvector, einbind, ejector, ek, elec, electro, electrod, electroform, electrohydrodynam, electrostat, eleg, elliott, elliottd, ellipselik, elong, em, embryon, emerg, emerya, emeryjc, emmonsh, emphasis, empiricalintermedi, enc, encircl, endeavour, endors, endplat, endur, engess, eniac, enjoi, enlighten, enorm, enquiri, enskog, ensu, enthalp, enthalpyus, entireti, entitl, entrant, envisag, epoxi, equatori, equicohes, equilater, equilibr, equilibria, er, eratur, erdmann, erfc, erickson, errat, errorssdof, eschenroederaw, etal, eter, etr, eucken, eulerian, ev, everett, evvard, exagger, excus, exot, exp, expend, exponentiallyfici, expound, extinct, extra, ey, facet, fage, fagetma, falangan, fale, falknervm, fano, farmingdal, fasten, fat, faulderscr, fayja, fb, fd, fettermand, fewer, fibrou, fieldfa, financi, finest, finish, finitediffer, firm, firmer, firstord, fisherlr, fission, fixedpitch, fk, fl, flagg, flash, flatplat, flaxah, flex, fli, fllayer, floccul, florida, flowin, fluiddynam, fluidiz, fn, focu, foelschk, fog, fohrmanmj, folsonrg, forb, forcibl, forefront, foreknowledg, forraym, forst, fort, forti, forwardacceler, forwardflight, foughnerjt, foundat, fourcompon, fourthord, fourwav, foxh, fpre, fraiserhr, fralich, fralichrw, franc, franci, frankel, frankwl, fredholm, freedmansi, freemannc, freudenthalam, frictionless, friedman, friedrichhr, frontal, frozenflow, frustrat, fs, fu, fujihiko, fullerfb, fumer, fund, fur, furnac, fuse, fuselagesect, fx, fz, gallagherjj, galletli, galletlydd, galletlygd, garabedian, gardless, garner, garricki, gascou, gather, gaydon, geckel, geec, gehr, genuin, geoffrei, geophi, geophys, georg, georgembt, georgia, gerard, germani, gerrard, gershuni, gershunigz, gerstenk, gg, gh, gibb, gibson, gibsonw, gies, giesejh, gilbertac, gillss, ginz, giraudjp, gk, gkbatchelor, glanc, glassi, glenny, glickh, globul, glycerin, gm, gn, goal, goddardf, goe, goebeltp, goetzrc, goldsteinaw, golian, gollnickaf, gooderumpn, goodier, goodman, goodmantr, goodw, gorcum, gordon, gordonhd, goreew, gortler, gortlerh, gothic, gottenbergwg, gousesw, gp, gr, graduat, graham, grahama, grahamew, grai, gramsc, grand, grantfc, granular, granvillera, graperg, grashof, grasshof, gravalo, gravalosfg, gravitzsi, graze, greenberghg, greenberghj, greenbergra, greenl, greensit, greggjl, gregoryb, gridwork, griffithwc, grifithg, grober, groov, grossjf, grossman, grunow, gt, guggenheim, guyld, gyrat, gyroscop, haag, haberman, hadamard, haggenmachergw, hai, hain, hainesab, hainsfd, halerw, haleysm, halfangl, halfman, halfmanrl, halfwai, hallaa, hallh, hallmg, halstead, hamapr, hamel, hamiltonja, hammerhead, hammerlingp, hammond, hamper, hanawalt, hancockg, handbook, handicap, handlei, hangl, hankelmangh, hantzsch, hardwar, harold, harri, harrisel, harrisi, hartnettjp, hartunianra, hash, hasimotoz, haskellrn, haslet, hassehr, hasten, hastingsrc, hauserch, haveg, havelock, havelockth, haydaya, hayerwd, hayeswd, hayman, hazard, heaslet, heaslett, heav, heavier, heighth, heightto, heimel, heimenz, heislermp, heldenfelsr, heledg, helgerl, helic, heliocentr, hemi, hemispheroid, hencki, henderson, hendersona, hennessi, herberlejw, hero, herr, herringtr, herriotjg, herrmann, herrmanng, herrnsteinwh, herrrw, hessjl, hessnw, hessrw, hesst, heumanc, heywoodrb, hf, hick, hickmanr, hidalgo, highenergi, higherord, highfrequ, highveloc, hillfk, hillj, hilsenrath, himself, hinder, hingeaxi, hinsonwf, hirschfeld, hirshfeld, hise, hisev, hislopg, hitherto, hj, hja, hl, hm, ho, hodgepg, hoffman, hoffmanf, hoffnh, hog, hoge, holerya, holland, holldl, hollowaygf, hollowcylind, homann, hopelessli, hopf, hopkinshg, hopko, hopkohn, hopkorn, hopper, hosokawa, hosokawai, hosowakaa, hotter, houboltjc, hous, housefli, howard, howel, howepwh, howeswl, howorth, hp, hpyerson, hroma, hromasl, hu, huberpw, hubkar, huckellv, huffrd, huftonpa, huggettdj, humphrei, hundr, hunter, huntonlw, hunzikerrr, hurd, hurl, hustonrj, hybrid, hydroballist, hydrocarbon, hyett, hyp, hypass, hyperlipt, hypersoul, hysol, hysteret, iee, ifer, igc, igi, illingworth, illingworthcr, illinoi, illustri, imaginari, imai, immobil, immov, impair, impart, imperi, implement, impress, imprimeri, improp, inaccess, inadmiss, inadvert, inafinit, inapplic, inappropri, inasmuch, inboard, incident, incom, inconclus, inconel, incrementalnorm, indefinit, indetermin, indirectli, indium, inducedpressur, ineffici, inerti, inexpens, infiniteaspect, infit, influenti, ing, inger, ingergr, inhomogen, injectioncool, injector, ink, inletmass, inop, inouyem, inplan, insect, inspir, instant, instig, integrand, integrodifferenti, intensif, intensifi, intent, intention, interanl, interchang, intercrystallin, interdepend, interferogram, intergranular, interim, internat, interpos, interstellar, intract, intrieri, introdur, intuit, investigaion, inviscidflow, invok, inyokern, iodin, iowa, irbm, iron, irrit, isaac, isaksong, isochronousstress, isofoam, isotop, itechn, item, jackson, jacob, jacobian, jacobsonl, jacobsonmj, jaeger, jaegerjc, jaersc, jahsmanw, jai, jame, jamr, janzen, jaszlic, jb, jbritint, jc, jchemphi, jchemphysfeb, jefferi, jeffrei, jeg, jenson, jetboundari, jetexit, jetlik, jetstream, jf, jinstmet, jmathmech, jmin, jmjn, jnr, jogaraov, johannesen, johansenfc, johnson, johnsonha, johnsonhc, johnsrh, johnston, johnstonih, jointli, jonese, jonesiw, jonesjg, jonesjj, jonesr, jonesrpn, jouguet, joul, joycegm, jphyssocjapan, jplprog, jroyaesoc, judici, jugoslavia, jukoff, jv, jzesc, kallmann, kalman, kanadd, kanwalr, karchmarl, kawaguti, kay, keatingsj, keckjc, keenanjh, keener, keithal, kellei, keller, kellerjb, kellyhj, kempf, kempner, kendal, kendalljm, kendrick, kennya, kernal, kernelfunct, kerrebrockjp, kesterrh, keulegan, keun, kg, kidalgoh, kilakowskilj, kilometr, kingdom, kippenhancj, kirbyrh, kirk, kirkfn, kivelb, kj, kl, klebanoffp, kleemanpw, kleinb, kmno, knee, knoxec, ko, kochendorferfd, kogana, komodah, kopal, kopalfor, korkegirh, korst, kosson, kramerjl, kramerrf, kramp, krasilshchikova, krau, krauss, krieger, krqu, krummwj, krypton, kt, kubotat, kuehn, kuetheam, kuo, kuoya, kuoyh, labour, lackmanl, lacquer, ladson, ladsoncl, laguerr, laid, laidlawwr, lakshmikanthamc, lambertrf, lamin, laminarboundari, laminari, laminarturbul, lanc, landauc, landn, landrum, langer, langhaarhl, lans, lansingdl, lansingw, lap, laplacian, lardnertj, largeangl, largeaspect, largechord, largescal, largeth, larson, larsonr, laszlo, laszloa, late, latent, lateraldirect, lauferj, laurencej, lavenderr, lawesja, lea, leadonbh, leedb, leggett, legitim, lehnertr, leigh, leighdc, leighdcf, len, lenard, lenardm, lengthen, lennard, leonardm, letkow, letter, letud, lever, levinl, levinsky, levya, lewisja, lewisrg, lg, lh, liabl, liapunov, libovec, librat, librov, licens, liebersteinh, lieberstenhm, liepman, liepmanhp, liepmanhw, liepmann, liftingsurfac, lighthillfor, lightli, liila, linalj, linder, lindholmu, lindsei, lindseywf, lineal, linearizedtheori, lingitudin, linject, linsh, liouvil, lip, liquidinject, lit, livesleyrk, livingoodjnb, lk, lm, lmethod, localsimilar, lochtenbergbh, lockrc, locu, loitsianskii, longest, longitudinalvortic, longtim, loo, look, loop, lopatoff, lord, lose, lost, lotz, loudspeak, loui, loveem, lowaspect, lowgm, lowsubson, lowturbul, lr, ltd, lucid, ludweig, ludwieg, luftfahrt, luidensrw, lunar, lynnym, lyon, lyonswc, lyskov, mabeydg, macadam, maccolljw, macdonald, machellrm, machnumb, mackenzieda, macneal, maeder, maederpf, magasarianol, magnesium, magnetoacoust, magnetofluidmechan, magnetoga, magnetoplasma, mahoni, maillardwc, mainten, majorminor, malfunct, malvestutof, manag, mang, manocuvr, manomet, marguerrek, marin, mario, maritim, markh, marsdendj, martelluccia, martinjj, maryland, masi, maskel, maskellec, massachusett, massbal, massbalanc, mastersji, matherdj, mattingfw, mauric, mautnersf, maximuin, maxwel, mayeswh, mayo, mccarthi, mccombhg, mcconnelldg, mccune, mccunej, mcdearmon, mcgraw, mcgregori, mcisaac, mckenzieab, mckinnon, mclachlan, mclafferti, mclean, mcmillanfa, mcnown, mead, meansquar, meant, mechapp, mechinst, meh, mehtod, meissner, melamin, mellojf, melvin, memori, merger, merl, merriamkg, mescallj, mesh, messiteraf, meteorit, methanol, methodof, mev, mg, mhd, mich, michael, michielsenhf, micromanomet, micron, microwav, midchord, middlesex, midspan, midwai, mieleaa, migrat, mikulasmm, mil, mild, millerrw, millikan, millimet, millsap, millsapsk, miltonbergergh, mind, minerma, minhinnick, minneapoli, mirel, mirror, misalin, mismatch, mistak, mitig, mixedflow, miyaii, mm, mol, molten, molybdenum, momentand, momentari, monaghan, monaghanrj, monograph, monopol, monoxid, moorekc, morganwc, morn, morrisdn, morrisj, mostli, motionless, mound, mountain, msc, msvo, mth, muffler, mulheim, mullensm, muller, mullhr, mullrh, multhopph, multiaxi, multibai, multicellular, multicompon, multipropel, mum, munk, murduchowm, murphi, murphyj, murrai, murrowhn, mushtarikm, mw, myself, naaa, nacelleexit, nack, nada, nagakurat, naleidjf, nallkl, napolitano, napolitanol, nardosw, naruseh, national, nautic, naysmitha, nearer, neater, negat, neices, neighbour, nelsonrl, nelsonwh, nessn, neumann, neumannep, neumark, newli, newsom, newtonjf, neymanrj, nh, nice, nicholsmr, nick, nicleywg, nicolson, nicolsonp, nielsen, nimon, ninefold, nineteen, ninth, nitric, nitzburgg, nj, nocturn, nogwon, nomenclatur, nomograph, nonabl, nonalign, noncirculatori, noncommun, nonconcurr, noncorros, nondecompos, nonexist, nonflamm, nongyroscop, nonheat, nonhomogen, noninclin, noninject, noninsul, nonisentrop, nonisotherm, nonneg, nonorthogon, nonperm, nonplanar, nonrigor, nonsingular, nonslationari, nonslend, nontox, nontrivi, nonun, nonweil, normalpressur, norman, north, northrj, noschmidt, notabl, noteworthi, notion, nozzleexit, np, nr, ns, nullifi, numger, nuttal, nyholmjr, ob, objection, obliter, obryantwt, obscur, obtainec, obvious, oc, occasion, occupi, occurspast, oct, octagon, octahedr, octav, odonnelrm, ofattack, offenhartz, offset, ofr, ogivecylind, ohara, ohm, ohmanl, okunoaf, old, oliverh, oliverr, olssonco, olstad, om, omanra, onera, onetenth, onic, ont, onto, op, opaqu, openend, oppenheimak, optimizationddesign, orderof, ordwai, ordwayd, organ, orgin, origint, orlfic, orlik, orr, oscillograph, osoen, osullivanwj, oswatitschk, ottawa, ouel, our, outermost, outweight, ovalu, oven, overexpans, overhang, overli, overlook, overrid, overshadow, oversimplif, oversimplifi, overst, overstat, oversw, owen, ower, pa, packard, packardbb, padlogj, pagerh, pagewa, painedsc, painlev, paint, palloneaj, palt, pankhurst, pappascc, papreg, para, parabola, parasol, pari, parietal, parkspc, particledens, partit, passeng, patterson, pattersongn, pau, pc, pdpdy, pearceyhh, pearsonh, pearsonjra, peckmandh, peclet, peggrj, peng, penlandja, pennelegionl, penningtonrh, penzienj, peopl, percentthick, perfectga, periment, perplex, persh, person, pessimist, petersohn, peterson, ph, philadelphia, phillipsj, philmag, philo, phosphoresc, photoelast, phugoid, physcal, physico, physiolog, picard, piercej, pierci, pimpl, pin, pindroh, pitman, pj, placement, planck, planetocentr, plast, plateau, platinum, plenum, pli, plk, plohrhw, plung, pneumat, pod, poetic, pohlhausenk, poincar, poind, pointednos, poiscuil, pole, polyaxi, polycrystallin, polym, polystyren, pond, ponderomot, pondhl, pooleja, popular, popularli, portiou, portnoi, portnoyh, portnoyj, pose, postpon, potentialflow, potentiomet, potter, potterjl, pottero, poudr, powelleo, powerpl, practition, prager, prebuckl, precess, preclud, predigest, preheat, premis, premix, prep, preponder, pressureinteract, pressureratio, preval, previouslygiven, prewhirl, prian, price, pridera, priester, prikl, prime, prism, prismat, proccamphil, proceed, processinclud, procinstmech, profileieit, profound, proj, prolat, promin, propellerresearch, proposel, proposit, propound, prospect, protein, proton, protrus, protuber, proudmani, proudmanj, provis, provision, provok, pseudo, psi, psycholog, ptiii, pugh, pursu, puzzl, pv, pw, px, pyramid, pyrex, qappmath, qjmech, quadruplet, quantum, quarterchord, quartic, queiijo, quest, quickact, quickli, quiet, quotat, rabotnov, radartrack, radialband, radian, radkowski, radom, radon, rahman, rahmanma, rainbirdwj, raineyag, rake, raleigh, ralph, ramet, ramo, ramp, randalldg, randomli, randon, ranniewd, rapidlyfreez, rashi, ratiobeen, ratner, ratnerp, rattayya, rattayyajv, rc, reactor, readi, reaffirm, realga, realis, reanalysi, reanalyz, rearrang, recessojv, recherch, recognis, recov, recover, rectangl, rectilinear, recur, recurr, recurs, redefinit, redesign, redirect, reducedfrequ, reducedmodulu, reederjp, reedwh, reenter, reentrytyp, referenceenthalpi, reflex, reformul, regan, reganjd, regirersa, regist, reichardt, reidj, reidwp, reimping, reinvestig, reiss, relai, relativist, reli, reliev, rememb, remmler, repair, repercuss, repetit, repli, requenc, request, researchtyp, researchvehicl, reserv, resili, reslerej, resourc, resultantforc, retrocket, retrorocket, retroveloc, reuss, rhodesbv, ri, rib, ribbon, riccati, richmond, riddellfr, ridyardhw, rieding, rigidli, rilei, rileyjd, riolat, riva, rivet, rj, rlx, rmah, rmdavi, rmlea, rmlga, rn, road, roagvr, roar, robertsonjm, robertsrc, robinsonrg, rockdh, rocketon, rod, rodden, roddenwp, roe, rogersaw, rogersew, rogh, romanof, romeo, romeodj, romj, rose, rosecransr, rosenbrockhh, rosenzweigml, rossaj, rothsteinw, roughen, rous, routhhurwitz, rozyckirc, rp, rpm, rstruct, rsult, rubesinm, rubin, ruckemank, rudimentari, rudinm, ruhr, rung, runyal, runyamhl, russelldb, russian, russoal, rutkowskirw, rvon, rx, rynabm, saab, sachenkovav, saibei, sail, sakao, sakurai, sakuraia, sakurait, sakuria, salmirj, salmon, salterc, samson, samsonsh, samuel, sandpap, sanger, sarasonl, sashkin, satelit, satellitessputnik, satoh, satyanarayanab, sauerr, saunder, savinrc, sb, scan, scanlanrh, scarshaack, sce, schaafsa, schaffera, schemat, schermerhornvl, schetzja, scheuingra, schjeldruphc, schlesing, schmidtr, schneiderp, schoenherr, schuh, schwarz, scruton, scrutonc, sealdm, seattl, secant, sechlere, sediment, sedneyr, sedov, seed, seiffa, selfpreserv, sellsccl, semiballist, semicircl, semicircular, semidiamet, sensibl, sept, sequel, serbin, serbinh, seren, serpicojc, servic, servo, sesir, session, seventhpow, severli, sewal, sextic, sh, shadow, shandorm, shank, shapiroah, sharpedg, sharpnos, sheajj, shearstress, sheath, sheer, sheerlanwj, sheerr, sheetr, shelter, shen, sheng, shensf, shercliff, shercliffja, shermanf, shesterikov, shirtliffecj, shockboundari, shockdetach, shockexpans, shockinduc, shockless, shockstandoff, shorter, shortest, shortli, shortlifetim, showhow, shuffl, shukhovitskiiem, shyperson, si, sibulkin, sibulkinmj, sideforc, sight, sign, sigular, silenc, silica, silver, simpsonrw, sinchtelcd, sinclair, singleand, singlepass, singlestag, singletyp, singli, sinnott, sinottc, sir, sizeabl, skansw, skenewt, sketchi, skewedparabol, skill, skramstadhk, slatteryr, slew, slide, slider, slighlti, slosh, slower, slr, slug, slyer, smallless, smell, smithamo, smithanc, smithg, smithj, smithjhb, smithjw, smithmw, snow, soak, sobson, socaesc, socal, societi, sol, solidconstruct, solidif, solomon, solomonjm, som, sommerfeld, sommersc, sonderg, sophist, soret, soundsourc, southwellrv, southwest, sp, spacewis, spahrjr, spaidfw, spald, spaldingdb, spark, sparkschlieren, spaulding, specialis, spectacular, spectrograph, speedsthre, spencerb, sperada, speric, sphericalatmospher, spiegler, spillag, spillmanjj, spindl, spinner, spirit, spite, splitter, spoken, spontan, spot, sprai, spreemannk, spuriou, sqft, squirew, sr, stagger, stalder, stalkerrj, stalmach, stanford, staniforthr, stanitz, stanworthcg, starkwi, steadyst, steamlin, steepest, stefan, steiger, stepdown, stephen, stergi, sterrett, stimulu, stine, stineha, stipul, stochast, stockmanno, stoddardfj, stojanov, stoker, stolleri, stoneah, stonear, stonecyph, stonecyphert, stonei, stoni, strang, stratagem, streak, strengthen, stripanalysi, stronger, strouhal, struck, studieddash, studiesdash, sturm, subarc, subaudio, subroutin, subsidiari, subsonicsuperson, subtend, suck, suddenfreezingof, suerh, suffix, sugar, summat, sunderland, sunnyval, supercircular, superfast, superfici, superpos, superscript, supersed, supplort, supposit, surfacetemperatur, surpass, surpris, swallow, swanson, sweetingn, swigartrj, swihartjm, switch, sychevvv, syng, synthes, synthesi, systemsbestim, syvertson, szewczyka, tacitli, tailless, tailwind, talbot, talbotl, tamadak, tan, tang, tanner, taoln, targoff, task, taxi, taylorcr, taylorrl, taylorta, tb, tc, tearejd, techmemo, technot, teddington, teeth, temp, templetonh, tempratur, tendelandt, tennesse, terminolog, termperatur, termwis, terrestri, tetrachlorid, tewfikok, thedens, theequilibriumparamet, thein, theirworstvalu, themselv, thenewtoniantheori, therefrom, thermalfatigu, thermoaeroelast, thermomechan, thermopropuls, thesecond, thesi, thesolar, theta, thicknesschord, thielemann, thing, think, thinwal, thirdli, thn, thoma, thomasag, thommenhu, thompsonj, thompsonmj, thorntonp, thorough, threaten, threshold, throttl, throw, thwaitesb, thysonna, tical, till, timeand, tingl, tinglu, tional, tirumalesad, titan, tne, tni, tnspace, toa, toambient, toba, tobia, tobodi, todai, told, tollmienschlicht, tomomentum, took, torda, toricon, toriconica, tosti, totalangl, touloukian, towal, townend, toxic, tractabl, tractor, tradit, transamermathsoc, transcend, transcendent, transduc, transfn, translatori, traugott, traugottsc, trefftz, trefitz, trellam, treonsl, trf, tri, tribut, trick, trigger, trill, trillingc, trimpi, trochoid, trr, trumanjc, tsion, tsu, tt, tubul, tubular, turbanc, turbo, turbojetpow, turbomachin, turnerjm, twoand, twomod, tx, typear, typograph, typographi, uhf, ultracentrifug, unabl, unaccompani, unangst, unanticip, unavoid, unbalanc, unbank, unblunt, uncertain, unconstrain, uncontrol, uncorrect, undamp, underexpand, underexpans, undergon, underneath, undersid, undersurfac, undertook, undesir, undetermin, undoubtedli, undroop, unduli, uneven, unexpect, unexpectedli, unexplain, unfamiliar, unfavour, unfil, unflang, unfold, unhappi, uni, unidirect, unidirection, unif, unimport, unintention, unitari, univer, unman, unorthodox, unperturb, unpow, unpublish, unreal, unrealist, unrelativist, unresolv, unrestrain, unrestrict, unretard, unsepar, unspecifi, unsteadili, unsupport, unsymmetr, unten, untest, untrim, upflow, upward, uramem, urgent, usa, usaa, usag, usefulli, user, ussr, utilz, uu, ux, uxyi, uxysgn, vafakoswp, valued, valv, vandykemd, vanguard, vapour, variabletemperatur, variant, variationsh, varlei, vasilu, vasiluj, vasr, vd, veiociti, velocitycompon, velocitydistribut, velocityprofil, vent, venturi, veociti, verfi, versatil, versuchsanstalt, vertexcent, verticaltak, vertregtm, vg, viii, vinson, violat, violet, viscid, viscositytemperatur, vision, vital, vl, vlasov, vm, volta, volterra, volumetr, volx, vondoenhoff, vonkarm, vs, vtolstol, vy, vz, wah, waist, wakelik, waldmangd, walkdenf, walkerhj, walkerr, wallac, wallacej, walleskfa, walsh, waltont, wancc, wangtk, wanlass, wanlassk, wardjf, warhead, warmer, warn, warner, warnerwh, warp, wash, washington, washingtonm, wassermanb, wassermann, watsonbc, watsonej, watsonj, wavefront, waveveloc, wax, weaker, weakli, wedgetyp, weertmanj, wegsteinjh, wehrend, wehrendwr, weierstrass, weigh, weilha, weingarten, weinsteina, weissd, weissdc, weitbrecht, weitznerh, wellestablish, wellswr, wen, wendt, wenk, wg, wh, whalen, whalenrj, wheel, wherev, whichev, whisker, whitcombcf, whitegn, whitehead, whitfieldjd, whithamgb, wich, wickbh, widen, widespread, wightkc, wilbi, wilbypg, willettj, willi, williamsj, williamsjc, willmarthww, wilsonr, wimbrowwr, windenburgdf, windstream, wingpropel, wingtail, wingwith, winklerel, winni, winter, winterscw, wisblatth, wisniewskirj, wissler, withdraw, wittcliffc, wittliff, wittliffc, wittrick, wj, wl, wm, wo, woinowski, wongt, wont, woodgat, woodlei, woodleyjg, woodsna, wooldridg, woollei, woolstondc, workingsect, workmanjb, world, worsen, worst, worthi, worthwhil, woven, wp, wraykl, wuch, wxy, wyattpj, xenon, xiii, yakurajk, yangk, yangkt, yaojc, yarymovych, yasuharam, yate, yatesec, yatesj, yeh, yeild, yenshe, yeram, yili, yolerya, yoshiharah, yoshikawakk, yoshirah, yosinobuh, youngad, yuan, yuseff, yy, zamm, zangew, zartariang, zbrozek, zehnder, zeisbergsl, zerolift, zeroth, zeydelef, zhukhovitskii, zienkiewiczhk, zier, zoom, zuk, zukw]

Document with largest max_tf : [673] which has most frequent term as flap which is repeated 27 times.
Document with largest doclen : [798] it has doclen 665 .
